customer_id,customer_name,city
CUST3310,Anjali Das,Bengaluru
CUST3035,Vikram Gupta,Bengaluru
CUST2210,Rahul Nair,Bengaluru
CUST3183,Priya Das,Bengaluru
CUST2430,Amit Joshi,Bengaluru
CUST2822,Rahul Joshi,Bengaluru
CUST2539,Vikram Das,Bengaluru
CUST2789,Karan Kumar,Bengaluru
CUST2547,Karan Das,Bengaluru
CUST2408,Pooja Sharma,Bengaluru
CUST2176,Aditya Nair,Bengaluru
CUST3331,Aarav Kumar,Bengaluru
CUST2469,Deepika Sharma,Bengaluru
CUST2390,Rohan Iyer,Bengaluru
CUST2341,Anjali Reddy,Bengaluru
CUST3187,Aarav Rao,Bengaluru
CUST2140,Aditya Nair,Bengaluru
CUST2269,Anjali Kumar,Bengaluru
CUST2757,Priya Nair,Bengaluru
CUST2319,Suresh Nair,Bengaluru
CUST2268,Neha Singh,Bengaluru
CUST2881,Karan Gupta,Bengaluru
CUST2363,Ramesh Singh,Bengaluru
CUST2409,Anjali Mishra,Bengaluru
CUST2679,Aditya Mehta,Bengaluru
CUST2237,Pooja Mehta,Bengaluru
CUST3277,Karan Kumar,Bengaluru
CUST3388,Rahul Sharma,Bengaluru
CUST2348,Karan Kumar,Bengaluru
CUST2933,Karan Sharma,Bengaluru
CUST2952,Suresh Iyer,Bengaluru
CUST2973,Ramesh Mehta,Bengaluru
CUST3107,Deepika Patel,Bengaluru
CUST3197,Karan Singh,Bengaluru
CUST2450,Anjali Gupta,Bengaluru
CUST3358,Karan Singh,Bengaluru
CUST2517,Ramesh Rao,Bengaluru
CUST2507,Suresh Gupta,Bengaluru
CUST3472,Pooja Das,Bengaluru
CUST2498,Rahul Gupta,Bengaluru
CUST2217,Aditya Mishra,Bengaluru
CUST2661,Karan Joshi,Bengaluru
CUST2698,Priya Joshi,Bengaluru
CUST2918,Aarav Singh,Bengaluru
CUST2628,Neha Singh,Bengaluru
CUST3223,Aditya Verma,Bengaluru
CUST2211,Priya Mishra,Bengaluru
CUST2110,Simran Mehta,Bengaluru
CUST3206,Ramesh Kumar,Bengaluru
CUST2154,Karan Sen,Bengaluru
CUST3208,Suresh Reddy,Bengaluru
CUST2900,Anjali Mishra,Bengaluru
CUST3381,Priya Reddy,Bengaluru
CUST2963,Rahul Kumar,Bengaluru
CUST2663,Simran Mishra,Bengaluru
CUST2417,Amit Verma,Bengaluru
CUST2191,Simran Iyer,Bengaluru
CUST2297,Deepika Gupta,Bengaluru
CUST3188,Deepika Iyer,Bengaluru
CUST2090,Simran Mishra,Bengaluru
CUST2902,Rohan Singh,Bengaluru
CUST3093,Amit Nair,Bengaluru
CUST3442,Amit Nair,Bengaluru
CUST2369,Aarav Iyer,Bengaluru
CUST2953,Anjali Sen,Bengaluru
CUST2486,Priya Sharma,Bengaluru
CUST3160,Aditya Reddy,Bengaluru
CUST2281,Amit Gupta,Bengaluru
CUST3088,Aarav Iyer,Bengaluru
CUST3484,Amit Kumar,Bengaluru
CUST3383,Aditya Patel,Bengaluru
CUST2624,Neha Sharma,Bengaluru
CUST2836,Simran Das,Bengaluru
CUST2932,Aarav Mehta,Bengaluru
CUST2673,Aditya Sen,Bengaluru
CUST2734,Rohan Nair,Bengaluru
CUST2089,Priya Nair,Bengaluru
CUST2304,Anjali Mehta,Bengaluru
CUST3477,Vikram Patel,Bengaluru
CUST3407,Rohan Reddy,Bengaluru
CUST2251,Suresh Joshi,Bengaluru
CUST2988,Ramesh Sen,Bengaluru
CUST2696,Anjali Sharma,Bengaluru
CUST2758,Simran Rao,Bengaluru
CUST3050,Amit Sharma,Bengaluru
CUST2282,Rohan Kumar,Bengaluru
CUST2039,Karan Verma,Bengaluru
CUST2742,Amit Singh,Bengaluru
CUST3297,Karan Rao,Bengaluru
CUST2155,Pooja Mishra,Bengaluru
CUST2621,Neha Gupta,Bengaluru
CUST3217,Simran Gupta,Bengaluru
CUST3463,Vikram Verma,Bengaluru
CUST3391,Vikram Verma,Bengaluru
CUST2683,Pooja Joshi,Bengaluru
CUST3404,Rahul Joshi,Bengaluru
CUST2606,Simran Rao,Bengaluru
CUST2490,Ramesh Verma,Bengaluru
CUST2284,Deepika Kumar,Bengaluru
CUST2896,Deepika Gupta,Bengaluru
CUST3464,Karan Nair,Bengaluru
CUST2307,Suresh Sharma,Bengaluru
CUST2739,Deepika Patel,Bengaluru
CUST3346,Priya Rao,Bengaluru
CUST3467,Aditya Rao,Bengaluru
CUST2586,Ramesh Mehta,Bengaluru
CUST2910,Vikram Rao,Bengaluru
CUST2064,Neha Mishra,Bengaluru
CUST2762,Aarav Nair,Bengaluru
CUST2440,Simran Gupta,Bengaluru
CUST3111,Rahul Rao,Bengaluru
CUST2958,Ramesh Mishra,Bengaluru
CUST2922,Aditya Gupta,Bengaluru
CUST2462,Suresh Reddy,Bengaluru
CUST3350,Vikram Mishra,Bengaluru
CUST2063,Deepika Rao,Bengaluru
CUST2697,Karan Mehta,Bengaluru
CUST2508,Aarav Singh,Bengaluru
CUST2957,Deepika Das,Bengaluru
CUST3378,Aditya Mehta,Bengaluru
CUST3134,Aarav Patel,Bengaluru
CUST2749,Rahul Das,Bengaluru
CUST2672,Suresh Mishra,Bengaluru
CUST3196,Amit Joshi,Bengaluru
CUST2418,Pooja Iyer,Bengaluru
CUST2942,Deepika Das,Bengaluru
CUST2715,Simran Verma,Bengaluru
CUST2982,Anjali Patel,Bengaluru
CUST2677,Priya Iyer,Bengaluru
CUST3323,Aditya Iyer,Bengaluru
CUST3015,Aarav Reddy,Bengaluru
CUST2959,Karan Mishra,Bengaluru
CUST3252,Karan Kumar,Bengaluru
CUST2676,Suresh Sen,Bengaluru
CUST2637,Simran Reddy,Bengaluru
CUST2239,Anjali Reddy,Bengaluru
CUST2811,Pooja Kumar,Bengaluru
CUST3494,Ramesh Sharma,Bengaluru
CUST3084,Deepika Patel,Bengaluru
CUST2944,Deepika Kumar,Bengaluru
CUST3225,Priya Nair,Bengaluru
CUST2654,Neha Iyer,Bengaluru
CUST2359,Simran Kumar,Bengaluru
CUST2494,Pooja Gupta,Bengaluru
CUST2955,Karan Gupta,Bengaluru
CUST2848,Ramesh Mishra,Bengaluru
CUST3023,Pooja Nair,Bengaluru
CUST3476,Rahul Sen,Bengaluru
CUST2310,Suresh Joshi,Bengaluru
CUST3085,Vikram Nair,Bengaluru
CUST2192,Pooja Iyer,Bengaluru
CUST3082,Aditya Rao,Bengaluru
CUST2296,Aditya Verma,Bengaluru
CUST3026,Ramesh Mishra,Bengaluru
CUST3005,Simran Rao,Bengaluru
CUST3299,Simran Verma,Bengaluru
CUST2740,Vikram Sen,Bengaluru
CUST2882,Simran Mishra,Bengaluru
CUST2748,Deepika Nair,Bengaluru
CUST3379,Rohan Kumar,Bengaluru
CUST2857,Pooja Iyer,Bengaluru
CUST3322,Suresh Patel,Bengaluru
CUST3025,Ramesh Verma,Bengaluru
CUST2976,Ramesh Patel,Bengaluru
CUST2500,Aarav Mehta,Bengaluru
CUST2921,Rahul Singh,Bengaluru
CUST3374,Neha Singh,Bengaluru
CUST3259,Karan Rao,Bengaluru
CUST2867,Simran Gupta,Bengaluru
CUST2787,Pooja Kumar,Bengaluru
CUST2592,Anjali Iyer,Bengaluru
CUST2871,Aditya Kumar,Bengaluru
CUST3456,Rohan Patel,Bengaluru
CUST2548,Deepika Mishra,Bengaluru
CUST2805,Amit Nair,Bengaluru
CUST3000,Ramesh Mehta,Bengaluru
CUST2550,Vikram Kumar,Bengaluru
CUST2324,Ramesh Rao,Bengaluru
CUST3393,Priya Sen,Bengaluru
CUST2753,Aditya Kumar,Bengaluru
CUST3287,Anjali Kumar,Bengaluru
CUST3119,Neha Kumar,Bengaluru
CUST2868,Priya Singh,Bengaluru
CUST3395,Priya Nair,Bengaluru
CUST2558,Aditya Mehta,Bengaluru
CUST3481,Amit Mehta,Bengaluru
CUST2755,Aarav Mishra,Bengaluru
CUST2020,Amit Patel,Bengaluru
CUST3357,Deepika Kumar,Bengaluru
CUST2224,Karan Kumar,Bengaluru
CUST2927,Simran Reddy,Bengaluru
CUST2173,Pooja Nair,Bengaluru
CUST2345,Ramesh Das,Bengaluru
CUST3264,Karan Patel,Bengaluru
CUST2983,Simran Sharma,Bengaluru
CUST2361,Amit Sharma,Bengaluru
CUST2185,Ramesh Rao,Bengaluru
CUST2122,Anjali Gupta,Bengaluru
CUST2280,Simran Das,Bengaluru
CUST2261,Neha Reddy,Bengaluru
CUST2526,Simran Joshi,Bengaluru
CUST3334,Ramesh Kumar,Bengaluru
CUST2693,Pooja Singh,Bengaluru
CUST3479,Vikram Patel,Bengaluru
CUST3356,Anjali Reddy,Bengaluru
CUST3315,Amit Reddy,Bengaluru
CUST3367,Deepika Das,Bengaluru
CUST3097,Priya Gupta,Bengaluru
CUST2395,Anjali Sharma,Bengaluru
CUST2566,Rohan Singh,Bengaluru
CUST2080,Pooja Gupta,Bengaluru
CUST2202,Deepika Mishra,Bengaluru
CUST3058,Priya Patel,Bengaluru
CUST2511,Aditya Kumar,Bengaluru
CUST2364,Aarav Reddy,Bengaluru
CUST2454,Rohan Das,Bengaluru
CUST3246,Priya Joshi,Bengaluru
CUST3150,Ramesh Verma,Bengaluru
CUST2386,Rohan Joshi,Bengaluru
CUST2829,Simran Nair,Bengaluru
CUST2371,Neha Patel,Bengaluru
CUST2862,Anjali Kumar,Bengaluru
CUST3086,Pooja Verma,Bengaluru
CUST2642,Amit Mishra,Bengaluru
CUST2010,Aarav Das,Bengaluru
CUST3284,Ramesh Singh,Bengaluru
CUST3066,Rahul Gupta,Bengaluru
CUST2433,Suresh Singh,Bengaluru
CUST3339,Aditya Verma,Bengaluru
CUST2207,Deepika Gupta,Bengaluru
CUST2410,Aarav Mehta,Bengaluru
CUST2227,Simran Mehta,Bengaluru
CUST2103,Priya Iyer,Bengaluru
CUST2674,Priya Singh,Bengaluru
CUST2864,Karan Verma,Bengaluru
CUST2372,Ramesh Gupta,Bengaluru
CUST2644,Karan Sen,Bengaluru
CUST2987,Vikram Kumar,Bengaluru
CUST2104,Pooja Das,Bengaluru
CUST2745,Ramesh Mehta,Bengaluru
CUST2728,Karan Sen,Bengaluru
CUST2442,Amit Reddy,Bengaluru
CUST3022,Deepika Sen,Bengaluru
CUST3347,Rahul Nair,Bengaluru
CUST3434,Rahul Gupta,Bengaluru
CUST3455,Amit Sharma,Bengaluru
CUST3071,Priya Mehta,Bengaluru
CUST2067,Pooja Singh,Bengaluru
CUST2403,Pooja Nair,Bengaluru
CUST2012,Priya Rao,Bengaluru
CUST2451,Ramesh Gupta,Bengaluru
CUST3087,Karan Mishra,Bengaluru
CUST2791,Rahul Joshi,Bengaluru
CUST2343,Rahul Patel,Bengaluru
CUST3406,Priya Sharma,Bengaluru
CUST2924,Rahul Mehta,Bengaluru
CUST2733,Suresh Singh,Bengaluru
CUST2801,Deepika Singh,Bengaluru
CUST3222,Suresh Sharma,Bengaluru
CUST2518,Ramesh Iyer,Bengaluru
CUST3190,Pooja Sen,Bengaluru
CUST2747,Rohan Sen,Bengaluru
CUST2913,Pooja Nair,Bengaluru
CUST2596,Amit Mehta,Bengaluru
CUST3159,Vikram Iyer,Bengaluru
CUST2962,Aditya Joshi,Bengaluru
CUST3204,Neha Singh,Bengaluru
CUST3318,Deepika Mishra,Bengaluru
CUST3210,Aarav Sharma,Bengaluru
CUST3228,Aarav Joshi,Bengaluru
CUST2860,Pooja Singh,Bengaluru
CUST3390,Suresh Verma,Bengaluru
CUST2172,Deepika Patel,Bengaluru
CUST2838,Deepika Gupta,Bengaluru
CUST2989,Karan Mishra,Bengaluru
CUST2332,Rahul Verma,Bengaluru
CUST2892,Pooja Iyer,Bengaluru
CUST3013,Rahul Reddy,Bengaluru
CUST2178,Anjali Das,Bengaluru
CUST2713,Neha Rao,Bengaluru
CUST3052,Simran Joshi,Bengaluru
CUST2701,Anjali Nair,Bengaluru
CUST2470,Ramesh Sharma,Bengaluru
CUST3108,Priya Rao,Bengaluru
CUST3255,Aarav Sharma,Bengaluru
CUST3171,Aarav Mehta,Bengaluru
CUST2276,Suresh Iyer,Bengaluru
CUST2198,Aarav Rao,Bengaluru
CUST2344,Simran Das,Bengaluru
CUST2810,Priya Verma,Bengaluru
CUST2164,Anjali Reddy,Bengaluru
CUST2891,Anjali Patel,Bengaluru
CUST2705,Rahul Joshi,Bengaluru
CUST2846,Ramesh Sharma,Bengaluru
CUST2381,Aarav Rao,Bengaluru
CUST2950,Vikram Kumar,Bengaluru
CUST2250,Suresh Das,Bengaluru
CUST2662,Simran Singh,Bengaluru
CUST3267,Karan Mehta,Bengaluru
CUST2044,Rahul Iyer,Bengaluru
CUST2564,Anjali Rao,Bengaluru
CUST3271,Suresh Nair,Bengaluru
CUST3209,Anjali Mishra,Bengaluru
CUST2756,Rohan Patel,Bengaluru
CUST3168,Vikram Patel,Bengaluru
CUST3127,Suresh Mishra,Bengaluru
CUST2034,Aditya Verma,Bengaluru
CUST3440,Aditya Mehta,Bengaluru
CUST3337,Deepika Nair,Bengaluru
CUST3499,Pooja Reddy,Bengaluru
CUST2175,Priya Reddy,Bengaluru
CUST2029,Aditya Gupta,Bengaluru
CUST3194,Karan Das,Bengaluru
CUST2738,Deepika Mehta,Bengaluru
CUST3149,Vikram Rao,Bengaluru
CUST2127,Ramesh Rao,Bengaluru
CUST2283,Rahul Joshi,Bengaluru
CUST3142,Aditya Mehta,Bengaluru
CUST2379,Aarav Iyer,Bengaluru
CUST2794,Deepika Iyer,Bengaluru
CUST2414,Neha Das,Bengaluru
CUST3254,Simran Verma,Bengaluru
CUST2631,Aarav Reddy,Bengaluru
CUST2488,Neha Kumar,Bengaluru
CUST3417,Aarav Mishra,Bengaluru
CUST2120,Vikram Mishra,Bengaluru
CUST2725,Deepika Iyer,Bengaluru
CUST2425,Amit Joshi,Bengaluru
CUST2013,Vikram Mishra,Bengaluru
CUST2687,Rohan Das,Bengaluru
CUST2136,Ramesh Singh,Bengaluru
CUST2240,Deepika Nair,Bengaluru
CUST2272,Anjali Reddy,Bengaluru
CUST2640,Suresh Rao,Bengaluru
CUST3147,Aarav Nair,Bengaluru
CUST3414,Ramesh Joshi,Bengaluru
CUST2960,Suresh Joshi,Bengaluru
CUST2666,Ramesh Iyer,Bengaluru
CUST2220,Amit Rao,Bengaluru
CUST3211,Deepika Nair,Bengaluru
CUST3303,Deepika Das,Bengaluru
CUST2706,Anjali Rao,Bengaluru
CUST2885,Karan Singh,Bengaluru
CUST2316,Anjali Mishra,Bengaluru
CUST3238,Rahul Nair,Bengaluru
CUST2552,Ramesh Singh,Bengaluru
CUST2291,Ramesh Patel,Bengaluru
CUST2023,Pooja Gupta,Bengaluru
CUST3489,Vikram Mehta,Bengaluru
CUST2484,Pooja Patel,Bengaluru
CUST3487,Ramesh Mishra,Bengaluru
CUST2479,Ramesh Joshi,Bengaluru
CUST2200,Aditya Verma,Bengaluru
CUST3377,Simran Nair,Bengaluru
CUST3486,Vikram Iyer,Bengaluru
CUST2267,Aditya Joshi,Bengaluru
CUST2980,Neha Verma,Bengaluru
CUST3295,Aditya Kumar,Bengaluru
CUST3426,Rohan Mishra,Bengaluru
CUST2797,Rahul Reddy,Bengaluru
CUST3072,Pooja Mishra,Bengaluru
CUST2353,Pooja Mehta,Bengaluru
CUST3335,Aditya Iyer,Bengaluru
CUST3469,Simran Iyer,Bengaluru
CUST3351,Anjali Mishra,Bengaluru
CUST2584,Karan Gupta,Bengaluru
CUST3478,Anjali Joshi,Bengaluru
CUST2770,Suresh Iyer,Bengaluru
CUST2735,Deepika Iyer,Bengaluru
CUST3237,Deepika Gupta,Bengaluru
CUST3371,Vikram Verma,Bengaluru
CUST2113,Rahul Singh,Bengaluru
CUST2686,Priya Das,Bengaluru
CUST2130,Aditya Nair,Bengaluru
CUST2047,Aarav Kumar,Bengaluru
CUST3321,Anjali Mishra,Bengaluru
CUST2533,Rohan Singh,Bengaluru
CUST3419,Amit Das,Bengaluru
CUST3449,Priya Joshi,Bengaluru
CUST2320,Karan Sharma,Bengaluru
CUST2231,Ramesh Iyer,Bengaluru
CUST2401,Pooja Mehta,Bengaluru
CUST2852,Ramesh Verma,Bengaluru
CUST2087,Amit Kumar,Bengaluru
CUST2245,Ramesh Gupta,Bengaluru
CUST2730,Rahul Reddy,Bengaluru
CUST2556,Suresh Sharma,Bengaluru
CUST2317,Pooja Gupta,Bengaluru
CUST3224,Rohan Nair,Bengaluru
CUST3256,Suresh Mehta,Bengaluru
CUST2203,Vikram Patel,Bengaluru
CUST2254,Vikram Sharma,Bengaluru
CUST2639,Simran Patel,Bengaluru
CUST2368,Aarav Reddy,Bengaluru
CUST2133,Anjali Nair,Bengaluru
CUST2993,Simran Verma,Bengaluru
CUST3389,Simran Patel,Bengaluru
CUST3410,Suresh Das,Bengaluru
CUST3280,Amit Das,Bengaluru
CUST3106,Priya Mishra,Bengaluru
CUST3354,Neha Rao,Bengaluru
CUST2057,Aarav Joshi,Bengaluru
CUST2799,Rohan Patel,Bengaluru
CUST3118,Deepika Reddy,Bengaluru
CUST2524,Simran Nair,Bengaluru
CUST2965,Simran Rao,Bengaluru
CUST3314,Deepika Patel,Bengaluru
CUST2925,Simran Kumar,Bengaluru
CUST3326,Suresh Rao,Bengaluru
CUST2241,Neha Sen,Bengaluru
CUST2424,Amit Reddy,Bengaluru
CUST3141,Rohan Das,Bengaluru
CUST2271,Neha Joshi,Bengaluru
CUST2091,Vikram Gupta,Bengaluru
CUST2893,Suresh Singh,Bengaluru
CUST2335,Karan Mehta,Bengaluru
CUST2370,Rahul Nair,Bengaluru
CUST2054,Amit Patel,Bengaluru
CUST3344,Anjali Kumar,Bengaluru
CUST2523,Rohan Reddy,Bengaluru
CUST2636,Anjali Das,Bengaluru
CUST3258,Rohan Nair,Bengaluru
CUST3046,Simran Das,Bengaluru
CUST2093,Deepika Sen,Bengaluru
CUST2313,Karan Das,Bengaluru
CUST3016,Simran Gupta,Bengaluru
CUST3012,Priya Rao,Bengaluru
CUST2066,Amit Mehta,Bengaluru
CUST3152,Anjali Mishra,Bengaluru
CUST3470,Amit Verma,Bengaluru
CUST3461,Karan Kumar,Bengaluru
CUST3115,Pooja Kumar,Bengaluru
CUST3500,Karan Kumar,Bengaluru
CUST3192,Pooja Rao,Bengaluru
CUST3193,Priya Mishra,Bengaluru
CUST2825,Priya Patel,Bengaluru
CUST2938,Anjali Das,Bengaluru
CUST2569,Pooja Singh,Bengaluru
CUST2247,Karan Reddy,Bengaluru
CUST3007,Neha Das,Bengaluru
CUST2835,Karan Verma,Bengaluru
CUST2765,Amit Mishra,Bengaluru
CUST3338,Rohan Verma,Bengaluru
CUST3154,Aarav Reddy,Bengaluru
CUST2702,Pooja Singh,Bengaluru
CUST2356,Priya Joshi,Bengaluru
CUST2041,Vikram Joshi,Bengaluru
CUST2812,Aditya Gupta,Bengaluru
CUST3313,Ramesh Das,Bengaluru
CUST2920,Neha Reddy,Bengaluru
CUST2199,Ramesh Nair,Bengaluru
CUST2485,Aarav Sen,Bengaluru
CUST3352,Deepika Sharma,Bengaluru
CUST3219,Amit Nair,Bengaluru
CUST2124,Amit Reddy,Bengaluru
CUST3202,Aarav Singh,Bengaluru
CUST3200,Rahul Mehta,Bengaluru
CUST2208,Ramesh Verma,Bengaluru
CUST2389,Suresh Sharma,Bengaluru
CUST2174,Aarav Patel,Bengaluru
CUST2650,Rahul Singh,Bengaluru
CUST2243,Aarav Rao,Bengaluru
CUST3113,Anjali Singh,Bengaluru
CUST2062,Vikram Gupta,Bengaluru
CUST3415,Aarav Sharma,Bengaluru
CUST2223,Pooja Mishra,Bengaluru
CUST2422,Rahul Singh,Bengaluru
CUST2141,Anjali Reddy,Bengaluru
CUST2711,Pooja Mishra,Bengaluru
CUST3034,Pooja Verma,Bengaluru
CUST2078,Amit Gupta,Bengaluru
CUST2773,Neha Verma,Bengaluru
CUST3361,Suresh Verma,Bengaluru
CUST2618,Ramesh Patel,Bengaluru
CUST3421,Simran Verma,Bengaluru
CUST3312,Ramesh Das,Bengaluru
CUST2850,Pooja Singh,Bengaluru
CUST2638,Aarav Mehta,Bengaluru
CUST2774,Vikram Verma,Bengaluru
CUST2360,Aarav Gupta,Bengaluru
CUST2894,Rahul Mishra,Bengaluru
CUST3448,Deepika Mishra,Bengaluru
CUST3062,Deepika Iyer,Bengaluru
CUST2183,Aditya Joshi,Bengaluru
CUST2412,Suresh Kumar,Bengaluru
CUST2132,Anjali Verma,Bengaluru
CUST3070,Amit Rao,Bengaluru
CUST3363,Simran Kumar,Bengaluru
CUST2573,Amit Singh,Bengaluru
CUST2667,Aarav Singh,Bengaluru
CUST3459,Priya Iyer,Bengaluru
CUST2434,Simran Sharma,Bengaluru
CUST2253,Rohan Iyer,Bengaluru
CUST2782,Rohan Reddy,Bengaluru
CUST2779,Rohan Iyer,Bengaluru
CUST2648,Pooja Sen,Bengaluru
CUST3490,Aarav Kumar,Bengaluru
CUST3341,Rohan Singh,Bengaluru
CUST2303,Aarav Reddy,Bengaluru
CUST3480,Rohan Nair,Bengaluru
CUST2783,Suresh Joshi,Bengaluru
CUST3462,Ramesh Kumar,Bengaluru
CUST3037,Suresh Rao,Bengaluru
CUST2641,Vikram Das,Bengaluru
CUST3212,Neha Joshi,Bengaluru
CUST2294,Amit Sen,Bengaluru
CUST2560,Ramesh Reddy,Bengaluru
CUST3130,Aarav Mishra,Bengaluru
CUST2022,Aditya Rao,Bengaluru
CUST2346,Neha Kumar,Bengaluru
CUST2512,Rohan Mishra,Bengaluru
CUST2118,Pooja Patel,Bengaluru
CUST2374,Rohan Verma,Bengaluru
CUST2809,Pooja Das,Bengaluru
CUST2819,Ramesh Sharma,Bengaluru
CUST2984,Pooja Reddy,Bengaluru
CUST3447,Deepika Patel,Bengaluru
CUST2079,Rahul Das,Bengaluru
CUST3045,Karan Mehta,Bengaluru
CUST2967,Aditya Verma,Bengaluru
CUST3207,Aditya Nair,Bengaluru
CUST3128,Simran Singh,Bengaluru
CUST2342,Anjali Mishra,Bengaluru
CUST2431,Anjali Verma,Bengaluru
CUST2729,Aarav Rao,Bengaluru
CUST2423,Priya Reddy,Bengaluru
CUST3245,Rahul Mehta,Bengaluru
CUST2226,Aarav Patel,Bengaluru
CUST2851,Suresh Kumar,Bengaluru
CUST2578,Rohan Mishra,Bengaluru
CUST2308,Neha Verma,Bengaluru
CUST3091,Ramesh Singh,Bengaluru
CUST3144,Suresh Das,Bengaluru
CUST2158,Ramesh Mehta,Bengaluru
CUST2588,Priya Gupta,Bengaluru
CUST2466,Rahul Nair,Bengaluru
CUST2134,Neha Das,Bengaluru
CUST2099,Aditya Sharma,Bengaluru
CUST2595,Rohan Verma,Bengaluru
CUST2574,Aarav Das,Bengaluru
CUST2082,Suresh Patel,Bengaluru
CUST2088,Vikram Nair,Bengaluru
CUST2796,Amit Das,Bengaluru
CUST2656,Simran Sen,Bengaluru
CUST2609,Amit Singh,Bengaluru
CUST2407,Ramesh Nair,Bengaluru
CUST2833,Aarav Verma,Bengaluru
CUST3231,Suresh Patel,Bengaluru
CUST2629,Pooja Verma,Bengaluru
CUST3112,Simran Rao,Bengaluru
CUST2213,Rohan Patel,Bengaluru
CUST3263,Karan Iyer,Bengaluru
CUST3033,Deepika Gupta,Bengaluru
CUST3172,Anjali Das,Bengaluru
CUST2228,Aarav Rao,Bengaluru
CUST2997,Anjali Nair,Bengaluru
CUST2992,Aditya Patel,Bengaluru
CUST2236,Suresh Rao,Bengaluru
CUST2149,Deepika Iyer,Bengaluru
CUST2581,Vikram Rao,Bengaluru
CUST2406,Neha Iyer,Bengaluru
CUST3482,Deepika Das,Bengaluru
CUST2766,Anjali Reddy,Bengaluru
CUST3101,Rohan Patel,Bengaluru
CUST2246,Pooja Mehta,Bengaluru
CUST2449,Priya Nair,Bengaluru
CUST3029,Anjali Rao,Bengaluru
CUST2007,Priya Gupta,Bengaluru
CUST3365,Rohan Rao,Bengaluru
CUST2971,Neha Reddy,Bengaluru
CUST2205,Karan Mehta,Bengaluru
CUST2617,Rohan Gupta,Bengaluru
CUST3020,Vikram Mehta,Bengaluru
CUST3080,Rahul Das,Bengaluru
CUST3161,Rahul Kumar,Bengaluru
CUST2032,Simran Iyer,Bengaluru
CUST3305,Aarav Das,Bengaluru
CUST2853,Ramesh Rao,Bengaluru
CUST2497,Suresh Sharma,Bengaluru
CUST2458,Simran Patel,Bengaluru
CUST3036,Aarav Kumar,Bengaluru
CUST2886,Neha Sharma,Bengaluru
CUST3368,Deepika Nair,Bengaluru
CUST3333,Anjali Das,Bengaluru
CUST3198,Pooja Mehta,Bengaluru
CUST2357,Vikram Sen,Bengaluru
CUST3083,Priya Verma,Bengaluru
CUST3316,Deepika Nair,Bengaluru
CUST3166,Deepika Joshi,Bengaluru
CUST2483,Ramesh Sharma,Bengaluru
CUST3018,Amit Gupta,Bengaluru
CUST2476,Suresh Mehta,Bengaluru
CUST2899,Aditya Mehta,Bengaluru
CUST3032,Amit Rao,Bengaluru
CUST3485,Simran Mehta,Bengaluru
CUST2123,Aditya Kumar,Bengaluru
CUST3110,Deepika Mehta,Bengaluru
CUST2837,Deepika Joshi,Bengaluru
CUST3291,Amit Sen,Bengaluru
CUST2531,Deepika Kumar,Bengaluru
CUST3169,Rohan Das,Bengaluru
CUST3460,Aarav Iyer,Bengaluru
CUST3244,Vikram Das,Bengaluru
CUST3420,Deepika Iyer,Bengaluru
CUST2257,Deepika Reddy,Bengaluru
CUST2532,Anjali Gupta,Bengaluru
CUST3011,Amit Sharma,Bengaluru
CUST3292,Vikram Nair,Bengaluru
CUST2073,Aditya Singh,Bengaluru
CUST3301,Anjali Nair,Bengaluru
CUST3002,Anjali Iyer,Bengaluru
CUST2906,Rohan Patel,Bengaluru
CUST2472,Suresh Singh,Bengaluru
CUST3239,Rahul Das,Bengaluru
CUST2222,Vikram Sen,Bengaluru
CUST2196,Suresh Rao,Bengaluru
CUST3024,Deepika Joshi,Bengaluru
CUST2249,Pooja Gupta,Bengaluru
CUST2603,Priya Mehta,Bengaluru
CUST2432,Amit Joshi,Bengaluru
CUST2194,Ramesh Mishra,Bengaluru
CUST2826,Aarav Kumar,Bengaluru
CUST2785,Ramesh Das,Bengaluru
CUST2006,Vikram Kumar,Bengaluru
CUST3298,Pooja Patel,Bengaluru
CUST2709,Ramesh Mishra,Bengaluru
CUST2520,Priya Mishra,Bengaluru
CUST2170,Anjali Patel,Bengaluru
CUST2177,Deepika Gupta,Bengaluru
CUST3004,Rahul Singh,Bengaluru
CUST3324,Neha Kumar,Bengaluru
CUST2763,Vikram Rao,Bengaluru
CUST2384,Neha Patel,Bengaluru
CUST2336,Amit Mehta,Bengaluru
CUST2634,Aarav Singh,Bengaluru
CUST2691,Vikram Joshi,Bengaluru
CUST2872,Aarav Joshi,Bengaluru
CUST3073,Rohan Iyer,Bengaluru
CUST2821,Rahul Mehta,Bengaluru
CUST3053,Karan Sharma,Bengaluru
CUST2817,Rahul Nair,Bengaluru
CUST2665,Simran Rao,Bengaluru
CUST2947,Priya Gupta,Bengaluru
CUST2582,Rohan Joshi,Bengaluru
CUST2587,Ramesh Kumar,Bengaluru
CUST2187,Deepika Mishra,Bengaluru
CUST2145,Priya Iyer,Bengaluru
CUST2923,Pooja Verma,Bengaluru
CUST3328,Ramesh Sen,Bengaluru
CUST3040,Neha Nair,Bengaluru
CUST3413,Suresh Iyer,Bengaluru
CUST2002,Amit Verma,Bengaluru
CUST2367,Deepika Verma,Bengaluru
CUST2626,Pooja Reddy,Bengaluru
CUST2646,Anjali Sen,Bengaluru
CUST3443,Simran Reddy,Bengaluru
CUST2562,Rahul Kumar,Bengaluru
CUST2769,Suresh Iyer,Bengaluru
CUST2311,Simran Patel,Bengaluru
CUST3433,Aditya Singh,Bengaluru
CUST2288,Aditya Mishra,Bengaluru
CUST3104,Anjali Iyer,Bengaluru
CUST2391,Pooja Reddy,Bengaluru
CUST2056,Aarav Verma,Bengaluru
CUST2256,Priya Verma,Bengaluru
CUST2737,Deepika Reddy,Bengaluru
CUST2859,Deepika Sen,Bengaluru
CUST3274,Karan Mishra,Bengaluru
CUST2293,Aarav Sharma,Bengaluru
CUST2030,Suresh Sharma,Bengaluru
CUST2926,Aarav Iyer,Bengaluru
CUST2935,Karan Patel,Bengaluru
CUST2767,Amit Patel,Bengaluru
CUST3236,Vikram Mishra,Bengaluru
CUST2914,Deepika Rao,Bengaluru
CUST2721,Priya Gupta,Bengaluru
CUST2415,Ramesh Mishra,Bengaluru
CUST2607,Rahul Reddy,Bengaluru
CUST2659,Simran Mishra,Bengaluru
CUST2467,Pooja Mishra,Bengaluru
CUST2919,Suresh Sharma,Bengaluru
CUST2274,Priya Iyer,Bengaluru
CUST2061,Suresh Das,Bengaluru
CUST3242,Simran Patel,Bengaluru
CUST2768,Suresh Sharma,Bengaluru
CUST2491,Aarav Mehta,Bengaluru
CUST3170,Amit Nair,Bengaluru
CUST2366,Anjali Singh,Bengaluru
CUST2559,Neha Das,Bengaluru
CUST2816,Anjali Mehta,Bengaluru
CUST2074,Pooja Nair,Bengaluru
CUST2117,Ramesh Joshi,Bengaluru
CUST2845,Rahul Kumar,Bengaluru
CUST3394,Rohan Iyer,Bengaluru
CUST2325,Vikram Sen,Bengaluru
CUST2977,Neha Rao,Bengaluru
CUST2142,Aditya Verma,Bengaluru
CUST2727,Ramesh Reddy,Bengaluru
CUST3003,Rohan Verma,Bengaluru
CUST2165,Priya Sharma,Bengaluru
CUST2688,Aarav Nair,Bengaluru
CUST3376,Ramesh Joshi,Bengaluru
CUST2116,Simran Reddy,Bengaluru
CUST2975,Amit Das,Bengaluru
CUST2540,Simran Joshi,Bengaluru
CUST3232,Anjali Verma,Bengaluru
CUST2946,Neha Joshi,Bengaluru
CUST3126,Aarav Sharma,Bengaluru
CUST2575,Rahul Sharma,Bengaluru
CUST3001,Ramesh Mehta,Bengaluru
CUST2545,Ramesh Gupta,Bengaluru
CUST3317,Simran Verma,Bengaluru
CUST2049,Suresh Verma,Bengaluru
CUST3286,Priya Gupta,Bengaluru
CUST2060,Vikram Verma,Bengaluru
CUST2585,Aditya Nair,Bengaluru
CUST2936,Rahul Verma,Bengaluru
CUST2028,Simran Mishra,Bengaluru
CUST3116,Neha Rao,Bengaluru
CUST2599,Priya Nair,Bengaluru
CUST2337,Karan Mehta,Bengaluru
CUST3027,Aarav Reddy,Bengaluru
CUST3124,Aditya Sharma,Bengaluru
CUST2615,Suresh Gupta,Bengaluru
CUST2970,Neha Singh,Bengaluru
CUST2503,Ramesh Joshi,Bengaluru
CUST3216,Suresh Gupta,Bengaluru
CUST2601,Anjali Rao,Bengaluru
CUST2362,Karan Iyer,Bengaluru
CUST3153,Amit Sen,Bengaluru
CUST2138,Deepika Singh,Bengaluru
CUST3360,Deepika Sen,Bengaluru
CUST2979,Anjali Mishra,Bengaluru
CUST2622,Rohan Sen,Bengaluru
CUST3092,Deepika Nair,Bengaluru
CUST2393,Ramesh Verma,Bengaluru
CUST3133,Ramesh Patel,Bengaluru
CUST2137,Simran Reddy,Bengaluru
CUST3220,Aarav Rao,Bengaluru
CUST3132,Aarav Nair,Bengaluru
CUST2996,Amit Mishra,Bengaluru
CUST3229,Amit Singh,Bengaluru
CUST3429,Pooja Verma,Bengaluru
CUST2751,Vikram Kumar,Bengaluru
CUST2326,Vikram Nair,Bengaluru
CUST2839,Karan Rao,Bengaluru
CUST2036,Neha Nair,Bengaluru
CUST2496,Rohan Das,Bengaluru
CUST2589,Vikram Rao,Bengaluru
CUST2645,Suresh Kumar,Bengaluru
CUST2792,Aditya Mishra,Bengaluru
CUST2340,Deepika Sen,Bengaluru
CUST2669,Aarav Sen,Bengaluru
CUST2025,Amit Kumar,Bengaluru
CUST3182,Vikram Patel,Bengaluru
CUST2889,Deepika Patel,Bengaluru
CUST2510,Ramesh Sharma,Bengaluru
CUST2831,Deepika Patel,Bengaluru
CUST2221,Vikram Kumar,Bengaluru
CUST3243,Neha Kumar,Bengaluru
CUST2151,Aarav Mehta,Bengaluru
CUST2492,Rahul Joshi,Bengaluru
CUST2215,Vikram Sen,Bengaluru
CUST2855,Suresh Das,Bengaluru
CUST2009,Neha Verma,Bengaluru
CUST3028,Rahul Joshi,Bengaluru
CUST3096,Anjali Iyer,Bengaluru
CUST2991,Amit Nair,Bengaluru
CUST2928,Deepika Sharma,Bengaluru
CUST2153,Aditya Gupta,Bengaluru
CUST2743,Pooja Joshi,Bengaluru
CUST2489,Priya Iyer,Bengaluru
CUST2600,Rahul Mehta,Bengaluru
CUST2148,Pooja Das,Bengaluru
CUST2847,Pooja Das,Bengaluru
CUST2299,Amit Singh,Bengaluru
CUST2940,Aditya Mehta,Bengaluru
CUST3044,Karan Gupta,Bengaluru
CUST2495,Priya Mishra,Bengaluru
CUST2094,Aditya Gupta,Bengaluru
CUST2016,Suresh Rao,Bengaluru
CUST2042,Pooja Sharma,Bengaluru
CUST2865,Karan Sharma,Bengaluru
CUST2050,Karan Rao,Bengaluru
CUST2053,Simran Gupta,Bengaluru
CUST3234,Suresh Mehta,Bengaluru
CUST2803,Pooja Mehta,Bengaluru
CUST2775,Pooja Sen,Bengaluru
CUST3497,Simran Iyer,Bengaluru
CUST2598,Deepika Das,Bengaluru
CUST3063,Amit Kumar,Bengaluru
CUST2443,Deepika Mehta,Bengaluru
CUST3078,Rohan Iyer,Bengaluru
CUST2072,Vikram Mehta,Bengaluru
CUST3249,Anjali Mishra,Bengaluru
CUST2703,Rohan Singh,Bengaluru
CUST2095,Anjali Gupta,Bengaluru
CUST2376,Pooja Joshi,Bengaluru
CUST2255,Rohan Mehta,Bengaluru
CUST2033,Vikram Joshi,Bengaluru
CUST2832,Vikram Joshi,Bengaluru
CUST2031,Ramesh Mehta,Bengaluru
CUST2890,Anjali Iyer,Bengaluru
CUST3290,Karan Reddy,Bengaluru
CUST3227,Ramesh Iyer,Bengaluru
CUST3008,Karan Singh,Bengaluru
CUST3186,Pooja Rao,Bengaluru
CUST3163,Aditya Rao,Bengaluru
CUST3468,Neha Reddy,Bengaluru
CUST2802,Anjali Sharma,Bengaluru
CUST2266,Suresh Mishra,Bengaluru
CUST3038,Amit Joshi,Bengaluru
CUST2081,Pooja Sharma,Bengaluru
CUST2664,Karan Rao,Bengaluru
CUST2015,Suresh Verma,Bengaluru
CUST2373,Vikram Mishra,Bengaluru
CUST2295,Rahul Singh,Bengaluru
CUST2916,Simran Sen,Bengaluru
CUST3473,Neha Sen,Bengaluru
CUST2814,Simran Singh,Bengaluru
CUST3173,Priya Kumar,Bengaluru
CUST2714,Vikram Rao,Bengaluru
CUST3067,Karan Sharma,Bengaluru
CUST3362,Suresh Reddy,Bengaluru
CUST3342,Karan Kumar,Bengaluru
CUST2866,Rahul Mishra,Bengaluru
CUST3387,Simran Verma,Bengaluru
CUST3042,Aarav Mishra,Bengaluru
CUST2493,Rahul Rao,Bengaluru
CUST2052,Simran Das,Bengaluru
CUST2610,Karan Sen,Bengaluru
CUST3353,Ramesh Sharma,Bengaluru
CUST3069,Priya Das,Bengaluru
CUST3369,Deepika Kumar,Bengaluru
CUST2978,Rahul Das,Bengaluru
CUST2509,Aditya Das,Bengaluru
CUST3095,Aditya Verma,Bengaluru
CUST2045,Anjali Mehta,Bengaluru
CUST2593,Aarav Mehta,Bengaluru
CUST3174,Vikram Das,Bengaluru
CUST2464,Neha Rao,Bengaluru
CUST2908,Aditya Gupta,Bengaluru
CUST2781,Suresh Sen,Bengaluru
CUST2329,Vikram Mehta,Bengaluru
CUST2981,Vikram Mehta,Bengaluru
CUST3336,Simran Rao,Bengaluru
CUST2778,Aarav Mehta,Bengaluru
CUST3302,Rohan Singh,Bengaluru
CUST2536,Simran Gupta,Bengaluru
CUST3372,Neha Mehta,Bengaluru
CUST3201,Aditya Mishra,Bengaluru
CUST2772,Amit Patel,Bengaluru
CUST2675,Vikram Rao,Bengaluru
CUST2760,Deepika Rao,Bengaluru
CUST2931,Pooja Rao,Bengaluru
CUST2752,Aarav Nair,Bengaluru
CUST2279,Simran Iyer,Bengaluru
CUST2375,Deepika Sharma,Bengaluru
CUST2146,Aarav Reddy,Bengaluru
CUST2465,Karan Patel,Bengaluru
CUST2181,Ramesh Verma,Bengaluru
CUST2567,Aditya Singh,Bengaluru
CUST2795,Ramesh Sen,Bengaluru
CUST2732,Rahul Kumar,Bengaluru
CUST2623,Rahul Rao,Bengaluru
CUST3257,Neha Das,Bengaluru
CUST2741,Amit Nair,Bengaluru
CUST2878,Aarav Sen,Bengaluru
CUST2941,Rohan Patel,Bengaluru
CUST2182,Amit Nair,Bengaluru
CUST2180,Vikram Sen,Bengaluru
CUST2463,Priya Sharma,Bengaluru
CUST2571,Rohan Sen,Bengaluru
CUST2568,Deepika Singh,Bengaluru
CUST3031,Amit Iyer,Bengaluru
CUST2197,Ramesh Sen,Bengaluru
CUST3403,Vikram Mehta,Bengaluru
CUST3055,Priya Joshi,Bengaluru
CUST2534,Neha Nair,Bengaluru
CUST3491,Priya Das,Bengaluru
CUST2428,Simran Reddy,Bengaluru
CUST3221,Karan Rao,Bengaluru
CUST3386,Anjali Gupta,Bengaluru
CUST2719,Amit Sharma,Bengaluru
CUST3416,Amit Mehta,Bengaluru
CUST3401,Deepika Mishra,Bengaluru
CUST3233,Vikram Reddy,Bengaluru
CUST2426,Aarav Gupta,Bengaluru
CUST2951,Aarav Das,Bengaluru
CUST2070,Amit Kumar,Bengaluru
CUST2382,Suresh Kumar,Bengaluru
CUST2021,Deepika Das,Bengaluru
CUST3138,Anjali Nair,Bengaluru
CUST2457,Neha Reddy,Bengaluru
CUST2643,Amit Gupta,Bengaluru
CUST2252,Aarav Sen,Bengaluru
CUST2570,Neha Verma,Bengaluru
CUST2096,Aditya Sen,Bengaluru
CUST2961,Deepika Mishra,Bengaluru
CUST2350,Rohan Patel,Bengaluru
CUST2323,Rahul Gupta,Bengaluru
CUST2824,Neha Verma,Bengaluru
CUST2322,Anjali Sharma,Bengaluru
CUST3307,Aditya Sharma,Bengaluru
CUST2995,Aditya Das,Bengaluru
CUST2330,Ramesh Sen,Bengaluru
CUST2331,Aditya Mishra,Bengaluru
CUST2689,Pooja Reddy,Bengaluru
CUST2818,Suresh Mehta,Bengaluru
CUST2704,Suresh Das,Bengaluru
CUST2594,Ramesh Nair,Bengaluru
CUST2306,Neha Gupta,Bengaluru
CUST2040,Ramesh Verma,Bengaluru
CUST3437,Anjali Joshi,Bengaluru
CUST3370,Rahul Rao,Bengaluru
CUST2700,Rahul Reddy,Bengaluru
CUST3345,Neha Nair,Bengaluru
CUST3364,Aditya Rao,Bengaluru
CUST2605,Vikram Mishra,Bengaluru
CUST2439,Karan Singh,Bengaluru
CUST2471,Vikram Singh,Bengaluru
CUST2161,Suresh Sharma,Bengaluru
CUST3077,Neha Mehta,Bengaluru
CUST3162,Anjali Sharma,Bengaluru
CUST2190,Anjali Nair,Bengaluru
CUST2019,Priya Joshi,Bengaluru
CUST2842,Deepika Gupta,Bengaluru
CUST3319,Priya Verma,Bengaluru
CUST2069,Deepika Sharma,Bengaluru
CUST2875,Ramesh Sen,Bengaluru
CUST2530,Ramesh Sharma,Bengaluru
CUST2171,Neha Gupta,Bengaluru
CUST2630,Neha Sharma,Bengaluru
CUST2102,Vikram Mehta,Bengaluru
CUST3137,Vikram Rao,Bengaluru
CUST3121,Pooja Verma,Bengaluru
CUST2437,Karan Rao,Bengaluru
CUST2298,Deepika Mehta,Bengaluru
CUST3103,Aarav Nair,Bengaluru
CUST2315,Neha Rao,Bengaluru
CUST2652,Ramesh Kumar,Bengaluru
CUST2354,Karan Das,Bengaluru
CUST2514,Karan Gupta,Bengaluru
CUST3422,Pooja Gupta,Bengaluru
CUST2219,Priya Das,Bengaluru
CUST2125,Suresh Singh,Bengaluru
CUST2242,Pooja Rao,Bengaluru
CUST2930,Ramesh Kumar,Bengaluru
CUST2212,Neha Das,Bengaluru
CUST2084,Neha Gupta,Bengaluru
CUST2206,Priya Sen,Bengaluru
CUST2515,Ramesh Mehta,Bengaluru
CUST2085,Ramesh Joshi,Bengaluru
CUST3109,Priya Patel,Bengaluru
CUST2179,Simran Sharma,Bengaluru
CUST2108,Deepika Gupta,Bengaluru
CUST3452,Rahul Joshi,Bengaluru
CUST2841,Rahul Sharma,Bengaluru
CUST3278,Aarav Singh,Bengaluru
CUST2876,Rahul Sharma,Bengaluru
CUST2754,Amit Gupta,Bengaluru
CUST3123,Deepika Rao,Bengaluru
CUST3039,Aditya Verma,Bengaluru
CUST2121,Rohan Patel,Bengaluru
CUST3184,Karan Mishra,Bengaluru
CUST2478,Karan Iyer,Bengaluru
CUST2333,Anjali Mishra,Bengaluru
CUST3348,Suresh Mehta,Bengaluru
CUST2377,Priya Joshi,Bengaluru
CUST2441,Vikram Sen,Bengaluru
CUST2301,Suresh Singh,Bengaluru
CUST2405,Neha Patel,Bengaluru
CUST3156,Rohan Verma,Bengaluru
CUST2877,Anjali Nair,Bengaluru
CUST3248,Vikram Kumar,Bengaluru
CUST2964,Aditya Nair,Bengaluru
CUST3215,Vikram Rao,Bengaluru
CUST3493,Vikram Reddy,Bengaluru
CUST2456,Aditya Reddy,Bengaluru
CUST3177,Rahul Kumar,Bengaluru
CUST3289,Deepika Joshi,Bengaluru
CUST3075,Karan Mehta,Bengaluru
CUST2541,Priya Verma,Bengaluru
CUST2193,Priya Verma,Bengaluru
CUST2143,Amit Nair,Bengaluru
CUST2969,Aarav Reddy,Bengaluru
CUST2005,Aditya Nair,Bengaluru
CUST3175,Priya Sen,Bengaluru
CUST2528,Neha Patel,Bengaluru
CUST2262,Rohan Sen,Bengaluru
CUST3178,Rohan Sen,Bengaluru
CUST2858,Rahul Mishra,Bengaluru
CUST2522,Vikram Kumar,Bengaluru
CUST2147,Anjali Nair,Bengaluru
CUST2413,Aditya Joshi,Bengaluru
CUST2398,Vikram Joshi,Bengaluru
CUST2998,Aarav Sharma,Bengaluru
CUST2351,Suresh Sharma,Bengaluru
CUST3285,Vikram Reddy,Bengaluru
CUST2131,Ramesh Mehta,Bengaluru
CUST3432,Simran Mishra,Bengaluru
CUST2788,Pooja Nair,Bengaluru
CUST2897,Rohan Singh,Bengaluru
CUST2275,Vikram Reddy,Bengaluru
CUST2513,Deepika Sen,Bengaluru
CUST2077,Amit Reddy,Bengaluru
CUST2525,Vikram Rao,Bengaluru
CUST2844,Neha Sharma,Bengaluru
CUST2396,Rahul Kumar,Bengaluru
CUST3189,Vikram Patel,Bengaluru
CUST2806,Ramesh Das,Bengaluru
CUST2225,Suresh Mishra,Bengaluru
CUST3405,Neha Gupta,Bengaluru
CUST2098,Ramesh Mishra,Bengaluru
CUST3272,Amit Mishra,Bengaluru
CUST2888,Aarav Singh,Bengaluru
CUST2218,Rohan Reddy,Bengaluru
CUST2563,Suresh Das,Bengaluru
CUST3098,Aditya Nair,Bengaluru
CUST2549,Rohan Joshi,Bengaluru
CUST3288,Priya Singh,Bengaluru
CUST2287,Ramesh Mehta,Bengaluru
CUST2660,Deepika Patel,Bengaluru
CUST2784,Rohan Mishra,Bengaluru
CUST3009,Rohan Iyer,Bengaluru
CUST2152,Anjali Kumar,Bengaluru
CUST2419,Deepika Rao,Bengaluru
CUST3167,Priya Mehta,Bengaluru
CUST2452,Deepika Rao,Bengaluru
CUST3457,Deepika Das,Bengaluru
CUST3155,Suresh Nair,Bengaluru
CUST2392,Priya Verma,Bengaluru
CUST3165,Suresh Singh,Bengaluru
CUST2682,Amit Sen,Bengaluru
CUST2874,Suresh Das,Bengaluru
CUST3396,Priya Sharma,Bengaluru
CUST3382,Priya Patel,Bengaluru
CUST3412,Priya Kumar,Bengaluru
CUST3089,Aditya Nair,Bengaluru
CUST2538,Rohan Rao,Bengaluru
CUST2879,Priya Mehta,Bengaluru
CUST2075,Deepika Mishra,Bengaluru
CUST2553,Rohan Patel,Bengaluru
CUST2402,Rohan Patel,Bengaluru
CUST2823,Amit Gupta,Bengaluru
CUST3309,Karan Kumar,Bengaluru
CUST3099,Rahul Kumar,Bengaluru
CUST2328,Priya Joshi,Bengaluru
CUST3483,Rohan Nair,Bengaluru
CUST2017,Priya Patel,Bengaluru
CUST2229,Priya Mishra,Bengaluru
CUST2856,Rohan Mishra,Bengaluru
CUST3139,Vikram Iyer,Bengaluru
CUST3218,Pooja Mehta,Bengaluru
CUST2026,Anjali Sharma,Bengaluru
CUST3090,Aarav Rao,Bengaluru
CUST2444,Vikram Reddy,Bengaluru
CUST3181,Aarav Sen,Bengaluru
CUST3270,Aditya Reddy,Bengaluru
CUST2761,Vikram Gupta,Bengaluru
CUST2516,Deepika Sen,Bengaluru
CUST2481,Rohan Gupta,Bengaluru
CUST2156,Aarav Iyer,Bengaluru
CUST3195,Aditya Nair,Bengaluru
CUST3247,Suresh Singh,Bengaluru
CUST2166,Amit Gupta,Bengaluru
CUST2790,Amit Das,Bengaluru
CUST3329,Ramesh Verma,Bengaluru
CUST2915,Aarav Rao,Bengaluru
CUST2974,Neha Iyer,Bengaluru
CUST2843,Aditya Reddy,Bengaluru
CUST3268,Amit Nair,Bengaluru
CUST3241,Vikram Sharma,Bengaluru
CUST2421,Pooja Joshi,Bengaluru
CUST3441,Amit Kumar,Bengaluru
CUST2968,Karan Reddy,Bengaluru
CUST2657,Vikram Iyer,Bengaluru
CUST3304,Vikram Nair,Bengaluru
CUST3145,Neha Gupta,Bengaluru
CUST2537,Pooja Rao,Bengaluru
CUST3300,Karan Iyer,Bengaluru
CUST3261,Rohan Gupta,Bengaluru
CUST2680,Deepika Singh,Bengaluru
CUST3253,Simran Mishra,Bengaluru
CUST2820,Anjali Das,Bengaluru
CUST3019,Aarav Singh,Bengaluru
CUST3451,Aarav Joshi,Bengaluru
CUST2097,Neha Das,Bengaluru
CUST2542,Anjali Rao,Bengaluru
CUST3041,Pooja Iyer,Bengaluru
CUST3398,Deepika Nair,Bengaluru
CUST3446,Ramesh Sen,Bengaluru
CUST2394,Aarav Sen,Bengaluru
CUST2619,Pooja Sen,Bengaluru
CUST2777,Priya Nair,Bengaluru
CUST3148,Suresh Kumar,Bengaluru
CUST3158,Suresh Kumar,Bengaluru
CUST2635,Vikram Mehta,Bengaluru
CUST2863,Vikram Iyer,Bengaluru
CUST3179,Deepika Nair,Bengaluru
CUST2184,Deepika Gupta,Bengaluru
CUST2162,Simran Kumar,Bengaluru
CUST2708,Suresh Rao,Bengaluru
CUST2086,Suresh Joshi,Bengaluru
CUST2917,Karan Verma,Bengaluru
CUST3475,Deepika Iyer,Bengaluru
CUST3057,Aditya Patel,Bengaluru
CUST3260,Karan Iyer,Bengaluru
CUST2834,Pooja Sharma,Bengaluru
CUST2776,Anjali Kumar,Bengaluru
CUST2685,Rahul Joshi,Bengaluru
CUST2312,Aarav Gupta,Bengaluru
CUST2385,Amit Patel,Bengaluru
CUST2003,Amit Patel,Bengaluru
CUST2830,Rahul Singh,Bengaluru
CUST2139,Anjali Joshi,Bengaluru
CUST3065,Suresh Reddy,Bengaluru
CUST2813,Ramesh Sen,Bengaluru
CUST3340,Ramesh Kumar,Bengaluru
CUST2349,Ramesh Das,Bengaluru
CUST2453,Pooja Reddy,Bengaluru
CUST2723,Amit Verma,Bengaluru
CUST3064,Pooja Sen,Bengaluru
CUST2018,Anjali Mishra,Bengaluru
CUST2447,Aditya Rao,Bengaluru
CUST3375,Ramesh Nair,Bengaluru
CUST2869,Deepika Nair,Bengaluru
CUST2235,Rohan Nair,Bengaluru
CUST3047,Amit Mishra,Bengaluru
CUST3122,Vikram Gupta,Bengaluru
CUST2597,Pooja Kumar,Bengaluru
CUST2535,Neha Iyer,Bengaluru
CUST2105,Deepika Gupta,Bengaluru
CUST3157,Rahul Gupta,Bengaluru
CUST3436,Ramesh Das,Bengaluru
CUST3059,Vikram Sharma,Bengaluru
CUST2608,Pooja Mehta,Bengaluru
CUST2966,Simran Reddy,Bengaluru
CUST3458,Aditya Verma,Bengaluru
CUST2827,Aarav Rao,Bengaluru
CUST3191,Simran Sen,Bengaluru
CUST2290,Priya Iyer,Bengaluru
CUST2411,Rahul Reddy,Bengaluru
CUST3164,Vikram Joshi,Bengaluru
CUST2804,Rohan Reddy,Bengaluru
CUST3466,Rahul Reddy,Bengaluru
CUST2100,Rohan Patel,Bengaluru
CUST2678,Rahul Sen,Bengaluru
CUST3427,Deepika Patel,Bengaluru
CUST2627,Karan Reddy,Bengaluru
CUST2854,Simran Nair,Bengaluru
CUST2461,Vikram Reddy,Bengaluru
CUST2273,Priya Gupta,Bengaluru
CUST2397,Amit Patel,Bengaluru
CUST2352,Priya Patel,Bengaluru
CUST2887,Neha Mishra,Bengaluru
CUST2051,Pooja Mehta,Bengaluru
CUST2438,Aarav Nair,Bengaluru
CUST2024,Aarav Das,Bengaluru
CUST2420,Priya Iyer,Bengaluru
CUST3411,Simran Nair,Bengaluru
CUST2339,Anjali Verma,Bengaluru
CUST2482,Neha Kumar,Bengaluru
CUST2880,Rohan Mehta,Bengaluru
CUST2583,Rahul Verma,Bengaluru
CUST2736,Aarav Reddy,Bengaluru
CUST3006,Rohan Sen,Bengaluru
CUST3276,Ramesh Nair,Bengaluru
CUST2264,Aditya Verma,Bengaluru
CUST2169,Ramesh Joshi,Bengaluru
CUST3068,Rahul Mehta,Bengaluru
CUST2214,Rohan Gupta,Bengaluru
CUST3409,Neha Kumar,Bengaluru
CUST3074,Ramesh Mehta,Bengaluru
CUST2195,Aditya Singh,Bengaluru
CUST2948,Priya Mishra,Bengaluru
CUST2388,Aditya Nair,Bengaluru
CUST3399,Anjali Nair,Bengaluru
CUST2577,Anjali Nair,Bengaluru
CUST2909,Neha Nair,Bengaluru
CUST2043,Vikram Verma,Bengaluru
CUST3282,Neha Sharma,Bengaluru
CUST3402,Anjali Joshi,Bengaluru
CUST3384,Amit Sen,Bengaluru
CUST2270,Amit Das,Bengaluru
CUST2655,Priya Sharma,Bengaluru
CUST3474,Aarav Rao,Bengaluru
CUST2543,Aarav Singh,Bengaluru
CUST2068,Simran Patel,Bengaluru
CUST2216,Rohan Nair,Bengaluru
CUST3373,Anjali Nair,Bengaluru
CUST2521,Rohan Sharma,Bengaluru
CUST2404,Priya Sen,Bengaluru
CUST2501,Amit Joshi,Bengaluru
CUST2614,Karan Rao,Bengaluru
CUST2527,Priya Verma,Bengaluru
CUST3213,Anjali Rao,Bengaluru
CUST2800,Vikram Verma,Bengaluru
CUST2046,Amit Reddy,Bengaluru
CUST2446,Pooja Nair,Bengaluru
CUST2083,Rahul Sen,Bengaluru
CUST2731,Aarav Verma,Bengaluru
CUST2106,Vikram Kumar,Bengaluru
CUST2365,Simran Reddy,Bengaluru
CUST2798,Pooja Reddy,Bengaluru
CUST2204,Simran Verma,Bengaluru
CUST2565,Karan Reddy,Bengaluru
CUST2519,Deepika Nair,Bengaluru
CUST3311,Rahul Sen,Bengaluru
CUST3230,Amit Kumar,Bengaluru
CUST3380,Rohan Joshi,Bengaluru
CUST2668,Suresh Singh,Bengaluru
CUST3343,Priya Iyer,Bengaluru
CUST2055,Aarav Das,Bengaluru
CUST2972,Priya Patel,Bengaluru
CUST2188,Rohan Kumar,Bengaluru
CUST2985,Simran Singh,Bengaluru
CUST3438,Priya Sharma,Bengaluru
CUST3439,Anjali Sharma,Bengaluru
CUST2580,Deepika Patel,Bengaluru
CUST2815,Rahul Mishra,Bengaluru
CUST2474,Pooja Sen,Bengaluru
CUST2671,Pooja Kumar,Bengaluru
CUST3014,Anjali Nair,Bengaluru
CUST2285,Ramesh Rao,Bengaluru
CUST2905,Simran Singh,Bengaluru
CUST3325,Priya Joshi,Bengaluru
CUST2027,Rahul Singh,Bengaluru
CUST2904,Ramesh Reddy,Bengaluru
CUST2160,Suresh Das,Bengaluru
CUST2201,Amit Iyer,Bengaluru
CUST2808,Ramesh Verma,Bengaluru
CUST2907,Rohan Nair,Bengaluru
CUST2144,Ramesh Rao,Bengaluru
CUST2555,Priya Reddy,Bengaluru
CUST2911,Ramesh Rao,Bengaluru
CUST2487,Ramesh Singh,Bengaluru
CUST3143,Vikram Patel,Bengaluru
CUST2746,Pooja Gupta,Bengaluru
CUST2327,Aarav Mehta,Bengaluru
CUST2305,Rahul Nair,Bengaluru
CUST2277,Karan Das,Bengaluru
CUST2505,Amit Sharma,Bengaluru
CUST2321,Pooja Sharma,Bengaluru
CUST2840,Ramesh Iyer,Bengaluru
CUST2475,Aditya Mehta,Bengaluru
CUST2260,Aditya Nair,Bengaluru
CUST2480,Rohan Sen,Bengaluru
CUST3129,Amit Singh,Bengaluru
CUST2670,Aarav Sen,Bengaluru
CUST2807,Rohan Reddy,Bengaluru
CUST3235,Simran Mishra,Bengaluru
CUST3492,Priya Reddy,Bengaluru
CUST2690,Aarav Das,Bengaluru
CUST2233,Deepika Reddy,Bengaluru
CUST2058,Deepika Iyer,Bengaluru
CUST3279,Ramesh Kumar,Bengaluru
CUST3332,Anjali Kumar,Bengaluru
CUST3203,Rohan Gupta,Bengaluru
CUST3454,Ramesh Reddy,Bengaluru
CUST3320,Simran Nair,Bengaluru
CUST2658,Aditya Singh,Bengaluru
CUST2990,Amit Patel,Bengaluru
CUST3136,Vikram Iyer,Bengaluru
CUST2387,Suresh Verma,Bengaluru
CUST2591,Karan Mishra,Bengaluru
CUST2604,Deepika Kumar,Bengaluru
CUST3430,Karan Gupta,Bengaluru
CUST2502,Amit Kumar,Bengaluru
CUST2554,Rahul Iyer,Bengaluru
CUST2101,Vikram Mishra,Bengaluru
CUST2259,Deepika Rao,Bengaluru
CUST2986,Neha Patel,Bengaluru
CUST3266,Priya Joshi,Bengaluru
CUST2945,Anjali Reddy,Bengaluru
CUST2786,Aditya Verma,Bengaluru
CUST2572,Amit Rao,Bengaluru
CUST2338,Ramesh Patel,Bengaluru
CUST2416,Suresh Das,Bengaluru
CUST3488,Anjali Nair,Bengaluru
CUST2633,Simran Singh,Bengaluru
CUST2611,Deepika Kumar,Bengaluru
CUST2828,Rahul Iyer,Bengaluru
CUST2468,Vikram Verma,Bengaluru
CUST3435,Suresh Joshi,Bengaluru
CUST3117,Aarav Singh,Bengaluru
CUST2037,Aarav Mehta,Bengaluru
CUST2459,Karan Reddy,Bengaluru
CUST3251,Simran Gupta,Bengaluru
CUST3423,Aditya Das,Bengaluru
CUST2048,Anjali Mishra,Bengaluru
CUST3453,Pooja Kumar,Bengaluru
CUST3262,Karan Singh,Bengaluru
CUST3105,Deepika Sen,Bengaluru
CUST2943,Pooja Gupta,Bengaluru
CUST3226,Priya Singh,Bengaluru
CUST3296,Aditya Reddy,Bengaluru
CUST2717,Pooja Verma,Bengaluru
CUST2771,Pooja Rao,Bengaluru
CUST2504,Aarav Sen,Bengaluru
CUST3400,Pooja Sharma,Bengaluru
CUST3214,Priya Sharma,Bengaluru
CUST2937,Ramesh Reddy,Bengaluru
CUST2694,Neha Rao,Bengaluru
CUST2849,Aarav Mehta,Bengaluru
CUST3017,Rohan Mehta,Bengaluru
CUST2427,Rahul Sharma,Bengaluru
CUST3120,Pooja Mishra,Bengaluru
CUST2347,Ramesh Mehta,Bengaluru
CUST3424,Vikram Mishra,Bengaluru
CUST3392,Vikram Gupta,Bengaluru
CUST2244,Suresh Nair,Bengaluru
CUST3140,Aarav Verma,Bengaluru
CUST3240,Simran Kumar,Bengaluru
CUST2248,Neha Reddy,Bengaluru
CUST2112,Aditya Rao,Bengaluru
CUST2544,Priya Mishra,Bengaluru
CUST3308,Aarav Das,Bengaluru
CUST2111,Aarav Iyer,Bengaluru
CUST2616,Anjali Verma,Bengaluru
CUST2071,Rahul Verma,Bengaluru
CUST2898,Vikram Verma,Bengaluru
CUST3327,Anjali Mehta,Bengaluru
CUST2873,Vikram Gupta,Bengaluru
CUST2004,Vikram Singh,Bengaluru
CUST2076,Pooja Iyer,Bengaluru
CUST2720,Deepika Rao,Bengaluru
CUST3049,Simran Iyer,Bengaluru
CUST2632,Ramesh Mishra,Bengaluru
CUST2445,Rahul Patel,Bengaluru
CUST3081,Rohan Joshi,Bengaluru
CUST3431,Anjali Das,Bengaluru
CUST2157,Karan Patel,Bengaluru
CUST3051,Rohan Mehta,Bengaluru
CUST3408,Aditya Mehta,Bengaluru
CUST3418,Aditya Reddy,Bengaluru
CUST3265,Deepika Gupta,Bengaluru
CUST2135,Amit Verma,Bengaluru
CUST2954,Anjali Reddy,Bengaluru
CUST2092,Priya Rao,Bengaluru
CUST2065,Aditya Gupta,Bengaluru
CUST2300,Rahul Gupta,Bengaluru
CUST2699,Aditya Joshi,Bengaluru
CUST2929,Aditya Das,Bengaluru
CUST2529,Karan Reddy,Bengaluru
CUST2230,Anjali Joshi,Bengaluru
CUST2126,Aditya Das,Bengaluru
CUST2883,Aarav Gupta,Bengaluru
CUST2994,Simran Mishra,Bengaluru
CUST2011,Vikram Patel,Bengaluru
CUST2292,Priya Sharma,Bengaluru
CUST2035,Vikram Patel,Bengaluru
CUST2232,Simran Sen,Bengaluru
CUST3185,Pooja Verma,Bengaluru
CUST2956,Anjali Kumar,Bengaluru
CUST2358,Rohan Joshi,Bengaluru
CUST2912,Ramesh Reddy,Bengaluru
CUST2793,Pooja Sen,Bengaluru
CUST2546,Aarav Sharma,Bengaluru
CUST2278,Rahul Mishra,Bengaluru
CUST2159,Amit Rao,Bengaluru
CUST2590,Aditya Reddy,Bengaluru
CUST2613,Aditya Patel,Bengaluru
CUST3444,Pooja Mehta,Bengaluru
CUST2724,Aarav Sharma,Bengaluru
CUST2780,Suresh Iyer,Bengaluru
CUST2722,Amit Mehta,Bengaluru
CUST2712,Vikram Rao,Bengaluru
CUST2109,Priya Sen,Bengaluru
CUST2750,Rohan Joshi,Bengaluru
CUST2355,Karan Sen,Bengaluru
CUST2477,Rahul Rao,Bengaluru
CUST3100,Neha Kumar,Bengaluru
CUST2620,Rohan Sen,Bengaluru
CUST2939,Simran Patel,Bengaluru
CUST2692,Simran Verma,Bengaluru
CUST3496,Neha Singh,Bengaluru
CUST2059,Suresh Kumar,Bengaluru
CUST3465,Rahul Iyer,Bengaluru
CUST2557,Aditya Singh,Bengaluru
CUST2612,Neha Kumar,Bengaluru
CUST2150,Rohan Joshi,Bengaluru
CUST3385,Priya Verma,Bengaluru
CUST3495,Deepika Reddy,Bengaluru
CUST3180,Pooja Patel,Bengaluru
CUST2309,Aarav Sharma,Bengaluru
CUST2258,Rohan Singh,Bengaluru
CUST2903,Priya Singh,Bengaluru
CUST2999,Aditya Verma,Bengaluru
CUST2107,Suresh Gupta,Bengaluru
CUST2949,Priya Rao,Bengaluru
CUST3366,Aditya Das,Bengaluru
CUST3397,Simran Rao,Bengaluru
CUST2625,Suresh Mehta,Bengaluru
CUST2168,Rahul Das,Bengaluru
CUST2579,Simran Kumar,Bengaluru
CUST2001,Rahul Patel,Bengaluru
CUST3425,Vikram Iyer,Bengaluru
CUST2576,Neha Reddy,Bengaluru
CUST3359,Simran Mehta,Bengaluru
CUST2234,Pooja Sen,Bengaluru
CUST2265,Anjali Verma,Bengaluru
CUST3079,Amit Patel,Bengaluru
CUST2378,Neha Iyer,Bengaluru
CUST3146,Amit Gupta,Bengaluru
CUST2710,Anjali Das,Bengaluru
CUST3135,Karan Reddy,Bengaluru
CUST2435,Vikram Sharma,Bengaluru
CUST2263,Pooja Das,Bengaluru
CUST2008,Neha Joshi,Bengaluru
CUST3151,Vikram Rao,Bengaluru
CUST2289,Simran Nair,Bengaluru
CUST3054,Aarav Rao,Bengaluru
CUST3010,Neha Nair,Bengaluru
CUST2115,Pooja Joshi,Bengaluru
CUST3349,Neha Mehta,Bengaluru
CUST2764,Aditya Nair,Bengaluru
CUST2238,Aarav Kumar,Bengaluru
CUST2318,Aditya Mishra,Bengaluru
CUST3275,Amit Gupta,Bengaluru
CUST2551,Simran Iyer,Bengaluru
CUST3294,Rohan Iyer,Bengaluru
CUST3281,Anjali Sen,Bengaluru
CUST3061,Karan Reddy,Bengaluru
CUST3269,Rahul Rao,Bengaluru
CUST2506,Pooja Kumar,Bengaluru
CUST3030,Aarav Iyer,Bengaluru
CUST2128,Aditya Mehta,Bengaluru
CUST2400,Pooja Reddy,Bengaluru
CUST3306,Simran Nair,Bengaluru
CUST3250,Rahul Nair,Bengaluru
CUST2114,Suresh Singh,Bengaluru
CUST3114,Aditya Nair,Bengaluru
CUST2163,Amit Rao,Bengaluru
CUST3176,Aarav Sharma,Bengaluru
CUST2901,Amit Mehta,Bengaluru
CUST2718,Ramesh Sen,Bengaluru
CUST2383,Rohan Mehta,Bengaluru
CUST3102,Ramesh Rao,Bengaluru
CUST3293,Aarav Sharma,Bengaluru
CUST2499,Deepika Verma,Bengaluru
CUST2561,Simran Gupta,Bengaluru
CUST2038,Simran Sen,Bengaluru
CUST3048,Simran Mehta,Bengaluru
CUST2651,Priya Das,Bengaluru
CUST2602,Amit Iyer,Bengaluru
CUST2649,Priya Verma,Bengaluru
CUST3043,Suresh Mishra,Bengaluru
CUST3355,Ramesh Joshi,Bengaluru
CUST2870,Vikram Singh,Bengaluru
CUST3445,Simran Sen,Bengaluru
CUST2647,Anjali Joshi,Bengaluru
CUST3131,Anjali Das,Bengaluru
CUST2436,Karan Kumar,Bengaluru
CUST2684,Rohan Das,Bengaluru
CUST2399,Karan Verma,Bengaluru
CUST3060,Vikram Sharma,Bengaluru
